feature,direction,bands,banding_approach,options,type,scale,ticks,color_scale,color_scale_rev,name,label
nice_weather,positive,30,quantile,,percent,linear,,RdYlGn,FALSE,Temperate Weather,Temperate Weather %
not_rainy,positive,30,quantile,,percent,linear,,Earth,TRUE,Clear Weather,Clear Weather %
home_value,user,5,quantile,"<$75,000|$75,000-$150,000|$150,000-$300,000|$300,000-$600,000|>$600,000",currency,log,"32500,75000,150000,300000,600000,1200000",YlGn,FALSE,Home Value,Zillow Home Value Index
rent,negative,30,quantile,,currency,linear,,RdYlBu,TRUE,Rent,Monthly Rent
expenses,negative,30,quantile,,currency,linear,,RdYlBu,TRUE,Living Expenses,Monthly Expenses
income_tax,negative,30,quantile,,percent,linear,,OrRd,FALSE,State Income Tax,State Income Tax %
pc_income,positive,30,quantile,,currency,linear,,algae,FALSE,Per Capita Income,Per Capita Income
hh_income,positive,30,quantile,,currency,linear,,algae,FALSE,Household Income,Household Income
population,user,5,quantile,"<1,000|1,000-10,000|10,000-100,000|100,000-1,000,000|>1,000,000",number,log,"100,1000,10000,100000,1000000,8000000",Portland,FALSE,Population,Population
republican,user,5,quantile,"Democrat,Lean Democrat,Independent,Lean Republican,Republican",categorical,linear,"20,40,60,80",Bluered,FALSE,Political Climate,Republican Vote %
diploma,positive,30,quantile,,percent,linear,,Spectral,FALSE,High School Graduation,High School Graduation %
unemployment,negative,30,quantile,,percent,linear,,Spectral,TRUE,Unemployment,Adult Unemployment %
poverty,negative,30,quantile,,percent,linear,,Spectral,TRUE,Poverty,People in Poverty %
combined,positive,,,,percent,linear,,Viridis,FALSE,Overall Score,Overall Score
